<?xml version="1.0" encoding="utf-8"?>
<Configuration status="info">
    <Properties>
        <Property name="layout">%d [%t] %-5level %logger{36} - %m%n</Property>
    </Properties>
    <Appenders>
        <Console name="Console">
            <PatternLayout pattern="${layout}" />
        </Console>     
        <File name="MyFile" fileName="d:\\mylog.log" append="true">
            <PatternLayout pattern="${layout}"/>
        </File>                
    </Appenders>
    <Loggers>
    <!-- level ==> configuration level -->
        <Logger name="com.cybage" level="DEBUG" additivity="true" >
            <AppenderRef ref="MyFile" />
        </Logger>
        <Root level="info">
            <AppenderRef ref="Console" />
        </Root>    
    </Loggers>
</Configuration>